compound,seq_type,aa_seq,resistance
caspofungin,ortho,FLILSLRDP,sensitive
caspofungin,single,FLILSLRDP,sensitive
caspofungin,ortho,FLTLSLRDP,sensitive
caspofungin,single,FLTLSLRDP,sensitive
caspofungin,single,FLTLSLRDP,sensitive
caspofungin,single,FLVLSLRDP,sensitive
caspofungin,single,FLVLSLRDP,sensitive
caspofungin,single,FLVLSLRDP,sensitive
caspofungin,single,FLVLSLRDP,sensitive
caspofungin,single,FLVLSLRDP,sensitive
caspofungin,single,FLVLSLRDP,sensitive
caspofungin,single,FLVLSLRDP,sensitive
caspofungin,single,FLVLSLRDP,sensitive
caspofungin,single,FLVLSLRDP,sensitive
caspofungin,single,FLVLSLRDP,sensitive
caspofungin,single,FLVLSLRDP,sensitive
caspofungin,single,FLVLSLRDP,sensitive
caspofungin,single,FLVLSLRDP,sensitive
caspofungin,single,FLVLSLRDP,sensitive
caspofungin,single,ALVLSLRDP,resistant
caspofungin,single,ALVLSLRDP,resistant
caspofungin,single,DLVLSLRDP,resistant
caspofungin,single,ELVLSLRDP,resistant
caspofungin,single,GLVLSLRDP,resistant
caspofungin,single,HLVLSLRDP,resistant
caspofungin,single,ILVLSLRDP,resistant
caspofungin,single,KLVLSLRDP,resistant
caspofungin,single,LLVLSLRDP,resistant
caspofungin,single,LLVLSLRDP,resistant
caspofungin,single,LLVLSLRDP,resistant
caspofungin,single,MLVLSLRDP,sensitive
caspofungin,single,NLVLSLRDP,resistant
caspofungin,single,PLVLSLRDP,resistant
caspofungin,single,PLVLSLRDP,resistant
caspofungin,single,QLVLSLRDP,resistant
caspofungin,single,RLVLSLRDP,resistant
caspofungin,single,RLVLSLRDP,resistant
caspofungin,single,SLVLSLRDP,resistant
caspofungin,single,SLVLSLRDP,resistant
caspofungin,single,SLVLSLRDP,resistant
caspofungin,single,TLVLSLRDP,resistant
caspofungin,single,TLVLSLRDP,resistant
caspofungin,single,VLVLSLRDP,resistant
caspofungin,single,WLVLSLRDP,resistant
caspofungin,single,YLVLSLRDP,resistant
caspofungin,single,CLVLSLRDP,resistant
caspofungin,single,FAVLSLRDP,sensitive
caspofungin,single,FAVLSLRDP,sensitive
caspofungin,single,FCVLSLRDP,sensitive
caspofungin,single,FEVLSLRDP,sensitive
caspofungin,single,FFVLSLRDP,sensitive
caspofungin,single,FGVLSLRDP,sensitive
caspofungin,single,FGVLSLRDP,sensitive
caspofungin,single,FHVLSLRDP,sensitive
caspofungin,single,FIVLSLRDP,sensitive
caspofungin,single,FKVLSLRDP,sensitive
caspofungin,single,FMVLSLRDP,sensitive
caspofungin,single,FNVLSLRDP,sensitive
caspofungin,single,FPVLSLRDP,sensitive
caspofungin,single,FPVLSLRDP,sensitive
caspofungin,single,FQVLSLRDP,sensitive
caspofungin,single,FRVLSLRDP,resistant
caspofungin,single,FRVLSLRDP,resistant
caspofungin,single,FRVLSLRDP,resistant
caspofungin,single,FSVLSLRDP,resistant
caspofungin,single,FSVLSLRDP,resistant
caspofungin,single,FSVLSLRDP,resistant
caspofungin,single,FTVLSLRDP,resistant
caspofungin,single,FTVLSLRDP,resistant
caspofungin,single,FVVLSLRDP,sensitive
caspofungin,single,FVVLSLRDP,sensitive
caspofungin,single,FWVLSLRDP,sensitive
caspofungin,single,FYVLSLRDP,sensitive
caspofungin,single,FDVLSLRDP,sensitive
caspofungin,single,FLALSLRDP,sensitive
caspofungin,single,FLALSLRDP,sensitive
caspofungin,single,FLCLSLRDP,sensitive
caspofungin,single,FLDLSLRDP,resistant
caspofungin,single,FLELSLRDP,sensitive
caspofungin,single,FLFLSLRDP,sensitive
caspofungin,single,FLGLSLRDP,sensitive
caspofungin,single,FLGLSLRDP,sensitive
caspofungin,single,FLHLSLRDP,resistant
caspofungin,single,FLKLSLRDP,resistant
caspofungin,single,FLLLSLRDP,sensitive
caspofungin,single,FLLLSLRDP,sensitive
caspofungin,single,FLLLSLRDP,sensitive
caspofungin,single,FLMLSLRDP,sensitive
caspofungin,single,FLNLSLRDP,resistant
caspofungin,single,FLPLSLRDP,resistant
caspofungin,single,FLPLSLRDP,resistant
caspofungin,single,FLQLSLRDP,sensitive
caspofungin,single,FLRLSLRDP,resistant
caspofungin,single,FLRLSLRDP,resistant
caspofungin,single,FLRLSLRDP,resistant
caspofungin,single,FLSLSLRDP,sensitive
caspofungin,single,FLSLSLRDP,sensitive
caspofungin,single,FLSLSLRDP,sensitive
caspofungin,single,FLWLSLRDP,resistant
caspofungin,single,FLYLSLRDP,sensitive
caspofungin,single,FLVASLRDP,sensitive
caspofungin,single,FLVASLRDP,sensitive
caspofungin,single,FLVCSLRDP,sensitive
caspofungin,single,FLVDSLRDP,sensitive
caspofungin,single,FLVESLRDP,sensitive
caspofungin,single,FLVFSLRDP,resistant
caspofungin,single,FLVHSLRDP,resistant
caspofungin,single,FLVISLRDP,sensitive
caspofungin,single,FLVKSLRDP,resistant
caspofungin,single,FLVMSLRDP,sensitive
caspofungin,single,FLVNSLRDP,sensitive
caspofungin,single,FLVPSLRDP,sensitive
caspofungin,single,FLVQSLRDP,sensitive
caspofungin,single,FLVRSLRDP,resistant
caspofungin,single,FLVRSLRDP,resistant
caspofungin,single,FLVSSLRDP,sensitive
caspofungin,single,FLVSSLRDP,sensitive
caspofungin,single,FLVSSLRDP,sensitive
caspofungin,single,FLVTSLRDP,sensitive
caspofungin,single,FLVTSLRDP,sensitive
caspofungin,single,FLVVSLRDP,sensitive
caspofungin,single,FLVVSLRDP,sensitive
caspofungin,single,FLVWSLRDP,resistant
caspofungin,single,FLVYSLRDP,resistant
caspofungin,single,FLVGSLRDP,sensitive
caspofungin,single,FLVLALRDP,sensitive
caspofungin,single,FLVLALRDP,sensitive
caspofungin,single,FLVLCLRDP,resistant
caspofungin,single,FLVLDLRDP,resistant
caspofungin,single,FLVLELRDP,resistant
caspofungin,single,FLVLFLRDP,resistant
caspofungin,single,FLVLGLRDP,resistant
caspofungin,single,FLVLGLRDP,resistant
caspofungin,single,FLVLHLRDP,resistant
caspofungin,single,FLVLILRDP,resistant
caspofungin,single,FLVLKLRDP,resistant
caspofungin,single,FLVLLLRDP,resistant
caspofungin,single,FLVLLLRDP,resistant
caspofungin,single,FLVLLLRDP,resistant
caspofungin,single,FLVLMLRDP,resistant
caspofungin,single,FLVLNLRDP,resistant
caspofungin,single,FLVLPLRDP,resistant
caspofungin,single,FLVLPLRDP,resistant
caspofungin,single,FLVLQLRDP,resistant
caspofungin,single,FLVLRLRDP,resistant
caspofungin,single,FLVLRLRDP,resistant
caspofungin,single,FLVLRLRDP,resistant
caspofungin,single,FLVLTLRDP,resistant
caspofungin,single,FLVLTLRDP,resistant
caspofungin,single,FLVLVLRDP,resistant
caspofungin,single,FLVLVLRDP,resistant
caspofungin,single,FLVLWLRDP,resistant
caspofungin,single,FLVLYLRDP,resistant
caspofungin,single,FLVLSARDP,sensitive
caspofungin,single,FLVLSARDP,sensitive
caspofungin,single,FLVLSCRDP,sensitive
caspofungin,single,FLVLSDRDP,sensitive
caspofungin,single,FLVLSERDP,resistant
caspofungin,single,FLVLSFRDP,sensitive
caspofungin,single,FLVLSGRDP,sensitive
caspofungin,single,FLVLSHRDP,resistant
caspofungin,single,FLVLSIRDP,sensitive
caspofungin,single,FLVLSKRDP,resistant
caspofungin,single,FLVLSMRDP,sensitive
caspofungin,single,FLVLSNRDP,sensitive
caspofungin,single,FLVLSPRDP,sensitive
caspofungin,single,FLVLSPRDP,sensitive
caspofungin,single,FLVLSQRDP,resistant
caspofungin,single,FLVLSRRDP,resistant
caspofungin,single,FLVLSRRDP,resistant
caspofungin,single,FLVLSSRDP,sensitive
caspofungin,single,FLVLSSRDP,sensitive
caspofungin,single,FLVLSSRDP,sensitive
caspofungin,single,FLVLSTRDP,sensitive
caspofungin,single,FLVLSTRDP,sensitive
caspofungin,single,FLVLSVRDP,sensitive
caspofungin,single,FLVLSVRDP,sensitive
caspofungin,single,FLVLSWRDP,resistant
caspofungin,single,FLVLSYRDP,sensitive
caspofungin,single,FLVLSLADP,resistant
caspofungin,single,FLVLSLADP,resistant
caspofungin,single,FLVLSLCDP,sensitive
caspofungin,single,FLVLSLDDP,sensitive
caspofungin,single,FLVLSLEDP,sensitive
caspofungin,single,FLVLSLFDP,sensitive
caspofungin,single,FLVLSLGDP,resistant
caspofungin,single,FLVLSLGDP,resistant
caspofungin,single,FLVLSLHDP,resistant
caspofungin,single,FLVLSLIDP,sensitive
caspofungin,single,FLVLSLKDP,sensitive
caspofungin,single,FLVLSLLDP,sensitive
caspofungin,single,FLVLSLLDP,sensitive
caspofungin,single,FLVLSLMDP,sensitive
caspofungin,single,FLVLSLNDP,sensitive
caspofungin,single,FLVLSLPDP,resistant
caspofungin,single,FLVLSLPDP,resistant
caspofungin,single,FLVLSLQDP,sensitive
caspofungin,single,FLVLSLSDP,resistant
caspofungin,single,FLVLSLSDP,resistant
caspofungin,single,FLVLSLSDP,resistant
caspofungin,single,FLVLSLTDP,sensitive
caspofungin,single,FLVLSLTDP,sensitive
caspofungin,single,FLVLSLVDP,sensitive
caspofungin,single,FLVLSLVDP,sensitive
caspofungin,single,FLVLSLWDP,sensitive
caspofungin,single,FLVLSLYDP,sensitive
caspofungin,single,FLVLSLRAP,resistant
caspofungin,single,FLVLSLRAP,resistant
caspofungin,single,FLVLSLRCP,resistant
caspofungin,single,FLVLSLREP,resistant
caspofungin,single,FLVLSLRFP,resistant
caspofungin,single,FLVLSLRGP,resistant
caspofungin,single,FLVLSLRGP,resistant
caspofungin,single,FLVLSLRHP,resistant
caspofungin,single,FLVLSLRIP,resistant
caspofungin,single,FLVLSLRKP,resistant
caspofungin,single,FLVLSLRLP,resistant
caspofungin,single,FLVLSLRLP,resistant
caspofungin,single,FLVLSLRLP,resistant
caspofungin,single,FLVLSLRMP,resistant
caspofungin,single,FLVLSLRNP,resistant
caspofungin,single,FLVLSLRPP,resistant
caspofungin,single,FLVLSLRPP,resistant
caspofungin,single,FLVLSLRQP,resistant
caspofungin,single,FLVLSLRRP,resistant
caspofungin,single,FLVLSLRRP,resistant
caspofungin,single,FLVLSLRSP,resistant
caspofungin,single,FLVLSLRSP,resistant
caspofungin,single,FLVLSLRSP,resistant
caspofungin,single,FLVLSLRTP,resistant
caspofungin,single,FLVLSLRTP,resistant
caspofungin,single,FLVLSLRVP,resistant
caspofungin,single,FLVLSLRVP,resistant
caspofungin,single,FLVLSLRWP,resistant
caspofungin,single,FLVLSLRYP,resistant
caspofungin,single,FLVLSLRDA,resistant
caspofungin,single,FLVLSLRDA,resistant
caspofungin,single,FLVLSLRDC,resistant
caspofungin,single,FLVLSLRDD,resistant
caspofungin,single,FLVLSLRDE,resistant
caspofungin,single,FLVLSLRDF,resistant
caspofungin,single,FLVLSLRDG,resistant
caspofungin,single,FLVLSLRDG,resistant
caspofungin,single,FLVLSLRDH,resistant
caspofungin,single,FLVLSLRDI,resistant
caspofungin,single,FLVLSLRDK,resistant
caspofungin,single,FLVLSLRDL,resistant
caspofungin,single,FLVLSLRDL,resistant
caspofungin,single,FLVLSLRDL,resistant
caspofungin,single,FLVLSLRDM,resistant
caspofungin,single,FLVLSLRDR,resistant
caspofungin,single,FLVLSLRDR,resistant
caspofungin,single,FLVLSLRDR,resistant
caspofungin,single,FLVLSLRDS,resistant
caspofungin,single,FLVLSLRDS,resistant
caspofungin,single,FLVLSLRDS,resistant
caspofungin,single,FLVLSLRDT,resistant
caspofungin,single,FLVLSLRDT,resistant
caspofungin,single,FLVLSLRDV,resistant
caspofungin,single,FLVLSLRDV,resistant
caspofungin,single,FLVLSLRDW,sensitive
caspofungin,single,FLVLSLRDY,resistant
caspofungin,single,FLVLSLRDN,resistant
caspofungin,single,FLVLSLRDQ,resistant
